<?xml version="1.0" encoding="windows-1251" ?>
<string_table>
<string id="gunsl_pb_up_barrel_compensation_name">
     <text>Redirection of powder gasses</text>
</string>
<string id="gunsl_pb_up_barrel_compensation_descr">
     <text>Redirecting the powder gasses to counteract the effects of muzzle climb makes recoil easier to handle for the shooter.</text>
</string>
<string id="gunsl_pb_up_sil_reliability_name">
     <text>Wear-resistant muzzle attachment point</text>
</string>
<string id="gunsl_pb_up_sil_reliability_descr">
     <text>Significantly slows down the wear and tear of the weapon, especially when used in combination with a silencer.</text>
</string>
<string id="gunsl_pb_up_barrel_speed_name">
     <text>Barrel with modified rifling pitch</text>
</string>
<string id="gunsl_pb_up_barrel_speed_descr">
     <text>Changing the rifling pitch in the barrel can improve muzzle velocity for a flatter bullet trajectory.</text>
</string>
<string id="gunsl_pb_up_barrel_accuracy_name">
     <text>Barrel alignment</text>
</string>
<string id="gunsl_pb_up_barrel_accuracy_descr">
     <text>Calibrate barrel alignment with the sights and remove any excessive movement that occurs during the firing cycle.</text>
</string>
<string id="gunsl_pb_up_body_reliability_name">
     <text>Protective coating</text>
</string>
<string id="gunsl_pb_up_body_reliability_descr">
     <text>The application of a special coating to the moving components can significantly reduce the amount of wear they receive.</text>
</string>
<string id="gunsl_pb_up_shell_ejector_name">
     <text>Install a hardened extractor</text>
</string>
<string id="gunsl_pb_up_shell_ejector_descr">
     <text>Improves overall reliability of the weapon by reducing the number of common ejection issues that can occur after firing.</text>
</string>
<string id="gunsl_pb_up_patronnik_zapiratel_name">
     <text>Improved barrel locking mechanism</text>
</string>
<string id="gunsl_pb_up_patronnik_zapiratel_descr">
     <text>Provides a tighter seal in the chamber and increases bullet obturation with the bore, improving muzzle velocity.</text>
</string>
<string id="gunsl_pb_up_patronnik_accuracy_name">
     <text>Chamber alignment</text>
</string>
<string id="gunsl_pb_up_patronnik_accuracy_descr">
     <text>Careful fitment of parts and minimization of backlash in the chamber for a better seal, improving accuracy.</text>
</string>
<string id="gunsl_pb_up_ramka_name">
     <text>Lightweight frame</text>
</string>
<string id="gunsl_pb_up_ramka_descr">
     <text>Replacing the standard frame with a lightweight alternative reduces the overall weight of the weapon, without sacrificing reliability or other features.</text>
</string>
<string id="gunsl_pb_up_usm_rpm_name">
     <text>Reinforced trigger assembly</text>
</string>
<string id="gunsl_pb_up_usm_rpm_descr">
     <text>A refined trigger assembly allows for a faster rate of fire at the expense of some overall reliability.</text>
</string>
<string id="gunsl_pb_up_handle_name">
     <text>Ergonomic grip</text>
</string>
<string id="gunsl_pb_up_handle_descr">
     <text>Replacing the original grip panels with modern alternatives makes the weapon slightly easier to hold and handle.</text>
</string>
<string id="gunsl_pb_up_usm_recoil_name">
     <text>Polymer buffer</text>
</string>
<string id="gunsl_pb_up_usm_recoil_descr">
     <text>Adding a polymer buffer to the return mechanism absorbs some of the recoil energy generated by firing.</text>
</string>
<string id="gunsl_pb_up_usm_accuracy_name">
     <text>Calibrate the trigger group</text>
</string>
<string id="gunsl_pb_up_usm_accuracy_descr">
     <text>Precision adjustment and balancing of the trigger components allows for higher accuracy and reduced recoil.</text>
</string>
<string id="gunsl_pb_up_plastic_mag_name">
     <text>Polymer magazine</text>
</string>
<string id="gunsl_pb_up_plastic_mag_descr">
     <text>Replacing the magazine with a modern lightweight equivalent reduces the overall weight of the gun slightly.</text>
</string>
<string id="gunsl_pb_up_sights_name">
     <text>Tritium inserts</text>
</string>
<string id="gunsl_pb_up_sights_descr">
     <text>Installation of luminous night-sights allows for easier target acquisition in low-light conditions.</text>
</string>
<string id="gunsl_pb_up_light_details_name">
     <text>Lightweight polymer components</text>
</string>
<string id="gunsl_pb_up_light_details_descr">
     <text>Replacing standard parts with lightweight polymer alternatives significantly reduces the weight of the gun.</text>
</string>
<string id="gunsl_pb_up_hard_details_name">
     <text>Heavy-duty components</text>
</string>
<string id="gunsl_pb_up_hard_details_descr">
     <text>Replacing standard parts with analogs made of high-strength alloys increases the weapon's durability.</text>
</string>
</string_table>
