<?xml version="1.0" encoding="windows-1251" ?>
<string_table>
<string id="gunsl_abakan_up_barrel_otkat_name">
     <text>Smooth recoil pulse</text>
</string>
<string id="gunsl_abakan_up_barrel_otkat_descr">
     <text>Distributing the recoil more evenly over the entire firing cycle makes sustained fire easier to handle.</text>
</string>
<string id="gunsl_abakan_up_barrel_bullet_speed_name">
     <text>Change the barrel's twist rate</text>
</string>
<string id="gunsl_abakan_up_barrel_bullet_speed_descr">
     <text>Increases muzzle velocity for a flatter trajectory and faster time-to-impact. Useful for long range shots.</text>
</string>
<string id="gunsl_abakan_up_barrel_accuracy_name">
     <text>Narrower barrel guide channels</text>
</string>
<string id="gunsl_abakan_up_barrel_accuracy_descr">
     <text>Reduces the amount of barrel deviation during fire, improving accuracy.</text>
</string>
<string id="gunsl_abakan_up_barrel_compensator_name">
     <text>Improved muzzle brake</text>
</string>
<string id="gunsl_abakan_up_barrel_compensator_descr">
     <text>Installation of a more efficient muzzle brake significantly reduces overall recoil.</text>
</string>
<string id="gunsl_abakan_up_body_reliability_name">
     <text>Heavy-duty components</text>
</string>
<string id="gunsl_abakan_up_body_reliability_descr">
     <text>Replacing standard parts with analogs made of high-strength alloys increases the weapon's durability.</text>
</string>
<string id="gunsl_abakan_up_grip_name">
     <text>Ergonomic grip</text>
</string>
<string id="gunsl_abakan_up_grip_descr">
     <text>Installation of a more comfortable grip.</text>
</string>
<string id="gunsl_abakan_up_knife_name">
     <text>Bayonet attachment</text>
</string>
<string id="gunsl_abakan_up_knife_descr">
     <text>Mounting a standard 6x5 bayonet allows the rifle to be used as an effective melee weapon.</text>
</string>
<string id="gunsl_abakan_up_lightdetails_name">
     <text>Lightweight alloy components</text>
</string>
<string id="gunsl_abakan_up_lightdetails_descr">
     <text>Replacing standard parts with lightweight alloys significantly reduces the weight of the gun.</text>
</string>
<string id="gunsl_abakan_up_podacha_name">
     <text>Revision of the feeding mechanism</text>
</string>
<string id="gunsl_abakan_up_podacha_descr">
     <text>The ammunition feeding assembly has been redesigned to reduce the number of jams from cartridge misfeeding or alignment issues.</text>
</string>
<string id="gunsl_abakan_up_mag45_black_name">
     <text>High-capacity magazine (black, 45 rounds)</text>
</string>
<string id="gunsl_abakan_up_mag45_black_descr">
     <text>Higher-capacity magazines means fewer reloads during combat and improves the odds of survival.</text>
</string>
<string id="gunsl_abakan_up_mag45_brown_name">
     <text>High-capacity magazine (brown, 45 rounds)</text>
</string>
<string id="gunsl_abakan_up_mag45_brown_descr">
     <text>Higher-capacity magazines means fewer reloads during combat and improves the odds of survival.</text>
</string>
<string id="gunsl_abakan_up_mag60_name">
     <text>High-capacity magazine (60 rounds)</text>
</string>
<string id="gunsl_abakan_up_mag60_descr">
     <text>A quad-stacked magazine holds even more ammunition than standard issue.</text>
</string>
<string id="gunsl_abakan_up_tilnik_name">
     <text>Improved buttstock</text>
</string>
<string id="gunsl_abakan_up_tilnik_descr">
     <text>Installation of an anatomical rubberized buttstock reduces the recoil felt by the shooter.</text>
</string>
<string id="gunsl_abakan_up_stock_weight_name">
     <text>Lightweight stock</text>
</string>
<string id="gunsl_abakan_up_stock_weight_descr">
     <text>Replacing the stock with a lightweight alternative reduces the overall weight of the weapon.</text>
</string>
<string id="gunsl_abakan_up_usilenie_korobki_name">
     <text>Reinforce the bolt group</text>
</string>
<string id="gunsl_abakan_up_usilenie_korobki_descr">
     <text>Makes the bolt mechanism more resistant to wear and damage, increasing the weapon's reliability.</text>
</string>
<string id="gunsl_abakan_up_sights_name">
     <text>Tritium inserts</text>
</string>
<string id="gunsl_abakan_up_sights_descr">
     <text>Installation of luminous night-sights allows for easier target acquisition in low-light conditions.</text>
</string>
<string id="gunsl_abakan_up_usm_rpm_name">
     <text>Reinforced trigger assembly</text>
</string>
<string id="gunsl_abakan_up_usm_rpm_descr">
     <text>A refined trigger assembly allows for a faster rate of fire at the expense of some overall reliability.</text>
</string>
<string id="gunsl_abakan_up_usm_accuracy_name">
     <text>Calibrate the trigger group</text>
</string>
<string id="gunsl_abakan_up_usm_accuracy_descr">
     <text>Precision adjustment and balancing of the trigger components allows for higher accuracy and reduced recoil.</text>
</string>
<string id="gunsl_abakan_up_zatvor_balancer_name">
     <text>Balance the bolt group</text>
</string>
<string id="gunsl_abakan_up_zatvor_balancer_descr">
     <text>Balancing of the bolt group components reduces the barrel's departure from line of sight when firing, and also reduces the probability of hang-fires.</text>
</string>
</string_table>
