<?xml version="1.0" encoding="windows-1251" ?>
<string_table>
<string id="gunsl_colt1911_up_patronnik_accuracy_name">
     <text>Chamber alignment</text>
</string>
<string id="gunsl_colt1911_up_patronnik_accuracy_descr">
     <text>Careful fitment of parts and minimization of backlash in the chamber for a better seal, improving accuracy.</text>
</string>
<string id="gunsl_colt1911_up_barrel_sil_name">
     <text>Threaded barrel</text>
</string>
<string id="gunsl_colt1911_up_barrel_sil_descr">
     <text>Swap the barrel with an extended variant that has threads pre-cut for mounting a suppressor.</text>
</string>
<string id="gunsl_colt1911_up_shell_ejector_name">
     <text>Install a hardened extractor</text>
</string>
<string id="gunsl_colt1911_up_shell_ejector_descr">
     <text>Improves overall reliability of the weapon by reducing the number of common ejection issues that can occur after firing.</text>
</string>
<string id="gunsl_colt1911_up_titan_details_name">
     <text>Heavy-duty components</text>
</string>
<string id="gunsl_colt1911_up_titan_details_descr">
     <text>Replacing standard parts with analogs made of high-strength alloys increases the weapon's durability.</text>
</string>
<string id="gunsl_colt1911_up_light_details_name">
     <text>Lightweight alloy components</text>
</string>
<string id="gunsl_colt1911_up_light_details_descr">
     <text>Replacing standard parts with lightweight alloys significantly reduces the weight of the gun.</text>
</string>
<string id="gunsl_colt1911_up_usm_accuracy_name">
     <text>Calibrate the trigger group</text>
</string>
<string id="gunsl_colt1911_up_usm_accuracy_descr">
     <text>Precision adjustment and balancing of the trigger components allows for higher accuracy and reduced recoil.</text>
</string>
<string id="gunsl_colt1911_up_light_mag_handle_name">
     <text>Lightweight grip</text>
</string>
<string id="gunsl_colt1911_up_light_mag_handle_descr">
     <text>Replacing the grip with a lightweight alternative reduces the overall weight of the weapon.</text>
</string>
<string id="gunsl_colt1911_up_big_mag_name">
     <text>High-capacity magazine (8 rounds)</text>
</string>
<string id="gunsl_colt1911_up_big_mag_descr">
     <text>Replace the standard magazine with a modern alternative, which has a slightly larger capacity due to the compact layout.</text>
</string>
<string id="gunsl_colt1911_up_zatvor_reliability_name">
     <text>Protective coating</text>
</string>
<string id="gunsl_colt1911_up_zatvor_reliability_descr">
     <text>The application of a special coating to the moving components can significantly reduce the amount of wear they receive.</text>
</string>
<string id="gunsl_colt1911_up_zatvor_rpm_name">
     <text>Stronger return mechanism</text>
</string>
<string id="gunsl_colt1911_up_zatvor_rpm_descr">
     <text>Allows for a faster rate of fire at the expense of some overall reliability.</text>
</string>
<string id="gunsl_colt1911_up_recoil_compensation_system_name">
     <text>Recoil compensation system</text>
</string>
<string id="gunsl_colt1911_up_recoil_compensation_system_descr">
     <text>Installation of a sophisticated Swiss-made counterbalance system that moves opposite of the action, reducing recoil.</text>
</string>
<string id="gunsl_colt1911_up_usm_rpm_name">
     <text>Reinforced trigger assembly</text>
</string>
<string id="gunsl_colt1911_up_usm_rpm_descr">
     <text>A refined trigger assembly allows for a faster rate of fire at the expense of some overall reliability.</text>
</string>
<string id="gunsl_colt1911_up_usm_recoil_name">
     <text>Soft trigger release</text>
</string>
<string id="gunsl_colt1911_up_usm_recoil_descr">
     <text>Reduces recoil, which in turn leads to more accurate follow-up shots.</text>
</string>
<string id="gunsl_colt1911_up_barrel_speed_name">
     <text>Barrel with modified rifling pitch</text>
</string>
<string id="gunsl_colt1911_up_barrel_speed_descr">
     <text>Changing the rifling pitch in the barrel can improve muzzle velocity for a flatter bullet trajectory.</text>
</string>
<string id="gunsl_colt1911_up_barrel_accuracy_name">
     <text>Barrel alignment</text>
</string>
<string id="gunsl_colt1911_up_barrel_accuracy_descr">
     <text>Calibrate barrel alignment with the sights and remove any excessive movement that occurs during the firing cycle.</text>
</string>
<string id="gunsl_colt1911_up_bullet_hit_power_name">
     <text>Shot destabilizer</text>
</string>
<string id="gunsl_colt1911_up_bullet_hit_power_descr">
     <text>A clever system that forces the bullet to take an arbitrary path on impact, forming a chaotic mess rather than a well-defined wound channel. One notable drawback to the system's increased damage potential is its inherent negative impact on accuracy.</text>
</string>
<string id="gunsl_colt1911_up_zatvor_recoil_name">
     <text>Balance the bolt group</text>
</string>
<string id="gunsl_colt1911_up_zatvor_recoil_descr">
     <text>Balancing of the bolt group components reduces the barrel's departure from line of sight when firing, and also reduces perceived recoil by the shooter.</text>
</string>
<string id="gunsl_colt1911_up_sights_name">
     <text>Tritium inserts</text>
</string>
<string id="gunsl_colt1911_up_sights_descr">
     <text>Installation of luminous night-sights allows for easier target acquisition in low-light conditions.</text>
</string>
</string_table>
