<?xml version="1.0" encoding="windows-1251" ?>
<string_table>
<string id="gunsl_bm16_up_accurate_stock_name">
     <text>Improved buttstock</text>
</string>
<string id="gunsl_bm16_up_accurate_stock_descr">
     <text>Replacing the buttstock with a softer, padded alternative mitigates recoil slightly better.</text>
</string>
<string id="gunsl_bm16_up_short_stock_name">
     <text>Sawn-off stock</text>
</string>
<string id="gunsl_bm16_up_short_stock_descr">
     <text>Removing the majority of the stock makes the weapon considerably lighter and easier to handle, however recoil is much more pronounced.</text>
</string>
<string id="gunsl_bm16_up_sights_name">
     <text>Tritium inserts</text>
</string>
<string id="gunsl_bm16_up_sights_descr">
     <text>Installation of luminous night-sights allows for easier target acquisition in low-light conditions.</text>
</string>
<string id="gunsl_bm16_up_short_barrel_name">
     <text>Sawn-off barrel</text>
</string>
<string id="gunsl_bm16_up_short_barrel_descr">
     <text>Sawing off the barrel results in a much lighter and easier-to-handle weapon, but range and accuracy are impacted significantly.</text>
</string>
<string id="gunsl_bm16_up_calibration_name">
     <text>Calibrate the trigger group</text>
</string>
<string id="gunsl_bm16_up_calibration_descr">
     <text>Precision adjustment and balancing of the trigger components allows for higher accuracy and reduced recoil.</text>
</string>
<string id="gunsl_bm16_up_barrel_dovodka_name">
     <text>Barrel revisioning</text>
</string>
<string id="gunsl_bm16_up_barrel_dovodka_descr">
     <text>The complex modification results in a higher muzzle velocity and improved wear-resistance.</text>
</string>
<string id="gunsl_bm16_up_light_tsevie_name">
     <text>Lightweight forend</text>
</string>
<string id="gunsl_bm16_up_light_tsevie_descr">
     <text>Replacing the forend with a lightweight alternative reduces the overall weight of the weapon.</text>
</string>
<string id="gunsl_bm16_up_sharnir_name">
     <text>Titanium hinge</text>
</string>
<string id="gunsl_bm16_up_sharnir_descr">
     <text>Replace the break-action's hinge mechanism with a heavy-duty titanium alternative, which significantly improves its durability.</text>
</string>
<string id="gunsl_bm16_up_kurki_name">
     <text>Replacement trigger</text>
</string>
<string id="gunsl_bm16_up_kurki_descr">
     <text>Minimizes the chances of a misfire from insufficient chambering.</text>
</string>
<string id="gunsl_bm16_up_korobka_name">
     <text>Framework rebalancing</text>
</string>
<string id="gunsl_bm16_up_korobka_descr">
     <text>A comprehensive modification that affects almost every part of the gun, with a noticeable improvement on accuracy and recoil.</text>
</string>
<string id="gunsl_bm16_up_barrel_narezka_name">
     <text>Rifled barrel</text>
</string>
<string id="gunsl_bm16_up_barrel_narezka_descr">
     <text>Rifling the barrel significantly improves accuracy and muzzle velocity, but prevents any further use of buckshot ammunition.</text>
</string>
<string id="gunsl_bm16_up_barrel_break_speed_name">
     <text>Protective coating</text>
</string>
<string id="gunsl_bm16_up_barrel_break_speed_descr">
     <text>The application of a special coating to the moving components can significantly reduce the amount of wear they receive.</text>
</string>
</string_table>
