<?xml version="1.0" encoding="windows-1251" ?>
<string_table>
	<string id="gunsl_fiveseven_up_reliability_name">
		<text>Protective coating</text>
	</string>
	<string id="gunsl_fiveseven_up_reliability_descr">
		<text>The application of a special coating to the moving components can significantly reduce the amount of wear they receive.</text>
	</string>
	
	<string id="gunsl_fiveseven_up_barrel_sil_name">
		<text>Threaded barrel</text>
	</string>
	<string id="gunsl_fiveseven_up_barrel_sil_descr">
		<text>Swap the barrel with an extended variant that has threads pre-cut for mounting a suppressor.</text>
	</string>
	
	<string id="gunsl_fiveseven_up_sights_name">
		<text>Tritium inserts</text>
	</string>
	<string id="gunsl_fiveseven_up_sights_descr">
		<text>Installation of luminous night-sights allows for easier target acquisition in low-light conditions.</text>
	</string>

	<string id="gunsl_fiveseven_up_usm_accuracy_name">
		<text>Calibrate the trigger group</text>
	</string>
	<string id="gunsl_fiveseven_up_usm_accuracy_descr">
		<text>Precision adjustment and balancing of the trigger components allows for higher accuracy and reduced recoil.</text>
	</string>
	<string id="gunsl_fiveseven_up_laser_name">
		<text>Laser sight</text>
	</string>	
	<string id="gunsl_fiveseven_up_laser_descr">
		<text>Visually marks the weapon's point of impact in a straight line from the muzzle. Assists with target acquisition at close range where bullet deviation and trajectory drop are less of an issue. Installation does not prevent the addition of optics or a tactical flashlight.</text>
	</string>		
	<string id="gunsl_fiveseven_up_torch_name">
		<text>Tactical flashlight</text>
	</string>	
	<string id="gunsl_fiveseven_up_torch_descr">
		<text>A long-range, narrow-field flashlight to assist with nighttime exploration and eliminates the need to hold one separately. Installation does not prevent the addition of a laser sight.</text>
	</string>	

</string_table>