<?xml version="1.0" encoding="windows-1251" ?>
<string_table>
	<string id="gunsl_wpn_gauss_up_computer_name">
		 <text>Weapon monitoring system</text>
	</string>
	<string id="gunsl_wpn_gauss_up_computer_descr">
		 <text>This closely integrated onboard computer runs specialized software which continuously monitors the status of critical components and displays diagnostic results on the screen. It provides a range of options for adjusting to the shooter's preference. \n \n%c[01,255,128,0](Tip: use the firing mode key to toggle the computer functions on or off).</text>
	</string>
	<string id="gunsl_wpn_gauss_up_guard_name">
		 <text>Snipe-Guard complex</text>
	</string>
	<string id="gunsl_wpn_gauss_up_guard_descr">
		 <text>A suite of infrared sensors, integrated directly with the trigger assembly, passively detect targets on the battlefield and prevent a suspected miss by blocking the trigger if pulled. The system is designed to only work with living targets. \n \n%c[01,255,128,0](Tip: use the firing mode key to toggle the computer functions on or off).</text>
	</string>
	<string id="gunsl_wpn_gauss_up_safari_name">
		 <text>Safari-Snipe complex</text>
	</string>
	<string id="gunsl_wpn_gauss_up_safari_descr">
		 <text>This system was developed with experienced military snipers in mind, for whom a missed shot can make all the difference. When activated, the trigger can be held indefinitely in a pre-fire stage and automatically fire when the shooter's aim passes over a living target. This logic is meant to counteract any potential failures from the auto-targeting system if certain camouflage patterns confuse its programming. The weapon will always fire on trigger release, regardless of where it's currently aimed. \n \n%c[01,255,128,0](Tip: use the firing mode key to toggle the computer functions on or off).</text>
	</string>
	<string id="gunsl_wpn_gauss_up_ideal_name">
		 <text>Ideal-M complex</text>
	</string>
	<string id="gunsl_wpn_gauss_up_ideal_descr">
		 <text>Extremely effective continuous shooter assistance system. Complicated in design, easy to use, and extremely fast to operate. Just squeeze the trigger and aim at the target. The rifle will take care of the rest. Initially designed for detecting living targets but will often detect lifeless ones as well. The system proved to significantly reduce the number of misses even by novice shooters. \n \n%c[01,255,128,0](Tip: use the firing mode key to toggle the computer functions on or off).</text>
	</string>
	<string id="gunsl_wpn_gauss_up_provoda_name">
		 <text>Replace the wiring</text>
	</string>
	<string id="gunsl_wpn_gauss_up_provoda_descr">
		 <text>Replace the original aluminum wiring with more efficient, high-quality copper alternatives, resulting in higher projectile velocities.</text>
	</string>
	<string id="gunsl_wpn_gauss_up_katushki_name">
		 <text>Low-impedance overdrive coils</text>
	</string>
	<string id="gunsl_wpn_gauss_up_katushki_descr">
		 <text>Reduces the heat generated by the firing sequence, which leads to a longer service life and higher projectile velocities.</text>
	</string>
	<string id="gunsl_wpn_gauss_up_compensator_name">
		 <text>Magnetic recoil compensator</text>
	</string>
	<string id="gunsl_wpn_gauss_up_compensator_descr">
		 <text>By utilizing certain phenomena of electromagnetic induction, the compensator generates a counter-force against the weapon's natural recoil, making follow-up shots easier and the weapon itself more comfortable to fire.</text>
	</string>
	<string id="gunsl_wpn_gauss_up_fast_conders_name">
		 <text>Fast-charge capacitors</text>
	</string>
	<string id="gunsl_wpn_gauss_up_fast_conders_descr">
		 <text>These capacitors charge up to levels sufficient for firing much faster than the originals, allowing for a faster rate of fire.</text>
	</string>
	<string id="gunsl_wpn_gauss_up_ionistori_name">
		 <text>Upgrade to supercapacitors</text>
	</string>
	<string id="gunsl_wpn_gauss_up_ionistori_descr">
		 <text>Replacing the standard capacitors with supercapacitors extends the life and reliability of the weapon, as well as improving projectile velocity. Unfortunately, the higher power requirements reduces the number of shots that can be harvested from a single battery before needing to be replaced.</text>
	</string>
	<string id="gunsl_wpn_gauss_up_lowesr_name">
		 <text>Low ESR capacitors</text>
	</string>
	<string id="gunsl_wpn_gauss_up_lowesr_descr">
		 <text>Capacitors with lower resistance and reduced leakage across insulating frameworks. Prolongs battery life and allows for more shots to be taken before needing to be replaced.</text>
	</string>
	<string id="gunsl_wpn_gauss_up_zoom_name">
		 <text>Optical magnifier unit</text>
	</string>
	<string id="gunsl_wpn_gauss_up_zoom_descr">
		 <text>Installation of an optical magnifier allows for a wide range of adjustable zoom levels.</text>
	</string>
	<string id="gunsl_wpn_gauss_up_nv_name">
		 <text>Photomultiplier unit</text>
	</string>
	<string id="gunsl_wpn_gauss_up_nv_descr">
		 <text>Installing a photomultiplier unit allows to you adjust the optical contrast, which makes firing in low-light conditions much easier.</text>
	</string>
	<string id="gunsl_wpn_gauss_up_kardan_ammo_name">
		 <text>Power supply modification</text>
	</string>
	<string id="gunsl_wpn_gauss_up_kardan_ammo_descr">
		 <text>Improves the weapon's reliability and allows for the use of non-factory batteries.</text>
	</string>
	<string id="gunsl_wpn_gauss_up_priklad_weight_name">
		 <text>Lightweight stock</text>
	</string>
	<string id="gunsl_wpn_gauss_up_priklad_weight_descr">
		 <text>Replacing the stock with a lightweight alternative reduces the overall weight of the weapon.</text>
	</string>
	<string id="gunsl_wpn_gauss_up_priklad_ergonomics_name">
		 <text>Improved buttstock</text>
	</string>
	<string id="gunsl_wpn_gauss_up_priklad_ergonomics_descr">
		 <text>Installation of an anatomical rubberized buttstock reduces the recoil felt by the shooter.</text>
	</string>
	<string id="gunsl_wpn_gauss_up_tsevie_ergonomics_name">
		 <text>Forend replacement</text>
	</string>
	<string id="gunsl_wpn_gauss_up_tsevie_ergonomics_descr">
		 <text>An improved forend makes the gun easier to handle and more comfortable to hold.</text>
	</string>
	<string id="gunsl_wpn_gauss_up_pokritie_name">
		 <text>Protective coating</text>
	</string>
	<string id="gunsl_wpn_gauss_up_pokritie_descr">
		 <text>The application of a special coating to the electrical components can significantly reduce the buildup of corrosion.</text>
	</string>

	<string id="gunsl_wpn_gauss_up_zoom_speed_name">
		 <text>Digital sight control unit</text>
	</string>
	<string id="gunsl_wpn_gauss_up_zoom_speed_descr">
		 <text>Controls the lens focus and image processing more efficiently, which brings targets into resolution much faster when changing magnification levels.</text>
	</string>

	<string id="gunsl_wpn_gauss_up_magnetic_shield_name">
		 <text>Electromagnetic shielding</text>
	</string>
	<string id="gunsl_wpn_gauss_up_magnetic_shield_descr">
		 <text>Adding electromagnetic shielding around the power supply of the weapon decreases negative EMF interference on the internal firing modules, reducing the potential for misfires significantly.</text>
	</string>
	
	<string id="gunsl_wpn_gauss_up_detector_name">
		<text>Target acquisition system</text>
	</string>
	<string id="gunsl_wpn_gauss_up_detector_descr">
		<text>Integration of the latest automatic target detection, locking, and tracking system into the weapon's sighing module, capable of detecting even the most heavily camouflaged adversaries in all weapon conditions. When a positive identification occurs, a frame is overlayed around the point of interest, informing the shooter about its presence. This can occur even if the target isn't currently in the field of view. Additional functionality includes an onboard IFF "friend-or-foe" target recognition complex.</text>
	</string>	
	
</string_table>
