<?xml version="1.0" encoding="windows-1251" ?>
<string_table>
<string id="gunsl_gsh18_up_barrel_speed_name">
     <text>Barrel re-cutting</text>
</string>
<string id="gunsl_gsh18_up_barrel_speed_descr">
     <text>Changing the rifling pitch in the barrel can improve muzzle velocity for a flatter bullet trajectory.</text>
</string>
<string id="gunsl_gsh18_up_barrel_recoil_name">
     <text>Recoil compensator</text>
</string>
<string id="gunsl_gsh18_up_barrel_recoil_descr">
     <text>Reduces recoil, which in turn leads to more accurate follow-up shots.</text>
</string>
<string id="gunsl_gsh18_up_barrel_accuracy_name">
     <text>Barrel alignment</text>
</string>
<string id="gunsl_gsh18_up_barrel_accuracy_descr">
     <text>Calibrate barrel alignment with the sights and remove any excessive movement that occurs during the firing cycle.</text>
</string>
<string id="gunsl_gsh18_up_body_reliability_name">
     <text>Protective coating</text>
</string>
<string id="gunsl_gsh18_up_body_reliability_descr">
     <text>The application of a special coating to the moving components can significantly reduce the amount of wear they receive.</text>
</string>
<string id="gunsl_gsh18_up_usm_recoil_name">
     <text>Soft trigger release</text>
</string>
<string id="gunsl_gsh18_up_usm_recoil_descr">
     <text>Reduces recoil, which in turn leads to more accurate follow-up shots.</text>
</string>
<string id="gunsl_gsh18_up_handle_name">
     <text>Rubberized grip</text>
</string>
<string id="gunsl_gsh18_up_handle_descr">
     <text>Installation of a more comfortable grip.</text>
</string>
<string id="gunsl_gsh18_up_patronnik_obturation_name">
     <text>Improved barrel locking mechanism</text>
</string>
<string id="gunsl_gsh18_up_patronnik_obturation_descr">
     <text>Provides a tighter seal in the chamber and increases bullet obturation with the bore, improving muzzle velocity.</text>
</string>
<string id="gunsl_gsh18_up_patronnik_dispersion_name">
     <text>Chamber alignment</text>
</string>
<string id="gunsl_gsh18_up_patronnik_dispersion_descr">
     <text>Careful fitment of parts and minimization of backlash in the chamber for a better seal, improving accuracy.</text>
</string>
<string id="gunsl_gsh18_up_ramka_name">
     <text>Reinforced frame</text>
</string>
<string id="gunsl_gsh18_up_ramka_descr">
     <text>Replacing the frame with one made from more durable materials helps with the weapon's longevity.</text>
</string>
<string id="gunsl_gsh18_up_shell_ejector_name">
     <text>Install a hardened extractor</text>
</string>
<string id="gunsl_gsh18_up_shell_ejector_descr">
     <text>Improves overall reliability of the weapon by reducing the number of common ejection issues that can occur after firing.</text>
</string>
<string id="gunsl_gsh18_up_sights_name">
     <text>Tritium inserts</text>
</string>
<string id="gunsl_gsh18_up_sights_descr">
     <text>Installation of luminous night-sights allows for easier target acquisition in low-light conditions.</text>
</string>
<string id="gunsl_gsh18_up_usm_rpm_name">
     <text>Reinforced trigger assembly</text>
</string>
<string id="gunsl_gsh18_up_usm_rpm_descr">
     <text>A refined trigger assembly allows for a faster rate of fire at the expense of some overall reliability.</text>
</string>
<string id="gunsl_gsh18_up_polymer_buffer_name">
     <text>Polymer buffer</text>
</string>
<string id="gunsl_gsh18_up_polymer_buffer_descr">
     <text>Adding a polymer buffer to the return mechanism absorbs some of the recoil energy generated by firing.</text>
</string>
<string id="gunsl_gsh18_up_usm_reliability_name">
     <text>Wear-resistant trigger components</text>
</string>
<string id="gunsl_gsh18_up_usm_reliability_descr">
     <text>Replacing the various parts of the trigger assembly with equivalents made from more durable materials improves the overall longevity of the weapon.</text>
</string>
</string_table>
