<?xml version="1.0" encoding="windows-1251" ?>
<string_table>
<string id="gunsl_wpn_usp_nimble_up_sights_name">
     <text>Tritium inserts</text>
</string>
<string id="gunsl_wpn_usp_nimble_up_sights_descr">
     <text>Installation of luminous night-sights allows for easier target acquisition in low-light conditions.</text>
</string>
<string id="gunsl_wpn_usp_nimble_up_anatomic_handle_name">
     <text>Ergonomic grip</text>
</string>
<string id="gunsl_wpn_usp_nimble_up_anatomic_handle_descr">
     <text>Installation of a more comfortable grip.</text>
</string>
<string id="gunsl_wpn_usp_nimble_up_ramka_name">
     <text>Reinforced frame</text>
</string>
<string id="gunsl_wpn_usp_nimble_up_ramka_descr">
     <text>Replacing the frame with one made from more durable materials helps with the weapon's longevity.</text>
</string>
<string id="gunsl_wpn_usp_nimble_up_light_details_name">
     <text>Lightweight alloy components</text>
</string>
<string id="gunsl_wpn_usp_nimble_up_light_details_descr">
     <text>Replacing standard parts with lightweight alloys significantly reduces the weight of the gun.</text>
</string>
<string id="gunsl_wpn_usp_nimble_up_light_mag_name">
     <text>Lightweight magazine</text>
</string>
<string id="gunsl_wpn_usp_nimble_up_light_mag_descr">
     <text>Replacing the magazine with a modern lightweight equivalent reduces the overall weight of the gun slightly.</text>
</string>
<string id="gunsl_wpn_usp_nimble_up_pokritie_name">
     <text>Protective coating</text>
</string>
<string id="gunsl_wpn_usp_nimble_up_pokritie_descr">
     <text>The application of a special coating to the moving components can significantly reduce the amount of wear they receive.</text>
</string>
<string id="gunsl_wpn_usp_nimble_up_usm_rpm_name">
     <text>Reinforced trigger assembly</text>
</string>
<string id="gunsl_wpn_usp_nimble_up_usm_rpm_descr">
     <text>A refined trigger assembly allows for a faster rate of fire at the expense of some overall reliability.</text>
</string>
<string id="gunsl_wpn_usp_nimble_up_usm_recoil_name">
     <text>Soft trigger release</text>
</string>
<string id="gunsl_wpn_usp_nimble_up_usm_recoil_descr">
     <text>Reduces recoil, which in turn leads to more accurate follow-up shots.</text>
</string>
<string id="gunsl_wpn_usp_nimble_up_barrel_accuracy_name">
     <text>Barrel alignment</text>
</string>
<string id="gunsl_wpn_usp_nimble_up_barrel_accuracy_descr">
     <text>Calibrate barrel alignment with the sights and remove any excessive movement that occurs during the firing cycle.</text>
</string>
<string id="gunsl_wpn_usp_nimble_up_barrel_bullet_speed_name">
     <text>Barrel with modified rifling pitch</text>
</string>
<string id="gunsl_wpn_usp_nimble_up_barrel_bullet_speed_descr">
     <text>Changing the rifling pitch can have a positive effect on muzzle velocity.</text>
</string>
<string id="gunsl_wpn_usp_nimble_up_barrel_recoil_name">
     <text>Recoil compensation system</text>
</string>
<string id="gunsl_wpn_usp_nimble_up_barrel_recoil_descr">
     <text>Reduces recoil, which in turn leads to more accurate follow-up shots.</text>
</string>
<string id="gunsl_wpn_usp_nimble_up_zatvor_ejector_name">
     <text>Install a hardened extractor</text>
</string>
<string id="gunsl_wpn_usp_nimble_up_zatvor_ejector_descr">
     <text>Improves overall reliability of the weapon by reducing the number of common ejection issues that can occur after firing.</text>
</string>
<string id="gunsl_wpn_usp_nimble_up_zatvor_zapiratel_name">
     <text>Improved barrel locking mechanism</text>
</string>
<string id="gunsl_wpn_usp_nimble_up_zatvor_zapiratel_descr">
     <text>Provides a tighter seal in the chamber and increases bullet obturation with the bore, improving muzzle velocity.</text>
</string>
<string id="gunsl_wpn_usp_nimble_up_zatvor_rpm_name">
     <text>Short-stroke bolt</text>
</string>
<string id="gunsl_wpn_usp_nimble_up_zatvor_rpm_descr">
     <text>Increases the weapon's effective fire rate by shortening the time it takes for the action to fully cycle.</text>
</string>
<string id="gunsl_wpn_usp_nimble_up_polymer_buffer_name">
     <text>Polymer buffer</text>
</string>
<string id="gunsl_wpn_usp_nimble_up_polymer_buffer_descr">
     <text>Adding a polymer buffer to the return mechanism absorbs some of the recoil energy generated by firing.</text>
</string>
<string id="gunsl_wpn_usp_nimble_up_patronnik_name">
     <text>Chamber alignment</text>
</string>
<string id="gunsl_wpn_usp_nimble_up_patronnik_descr">
     <text>Careful fitment of parts and minimization of backlash in the chamber for a better seal, improving accuracy.</text>
</string>
</string_table>
