<?xml version="1.0" encoding="windows-1251" ?>
<string_table>
<string id="gunsl_hpsa_up_barrel_sil_name">
     <text>Threaded barrel</text>
</string>
<string id="gunsl_hpsa_up_barrel_sil_descr">
     <text>Swap the barrel with an extended variant that has threads pre-cut for mounting a suppressor.</text>
</string>
<string id="gunsl_hpsa_up_barrel_dispersion_name">
     <text>Barrel alignment</text>
</string>
<string id="gunsl_hpsa_up_barrel_dispersion_descr">
     <text>Calibrate barrel alignment with the sights and remove any excessive movement that occurs during the firing cycle.</text>
</string>
<string id="gunsl_hpsa_up_barrel_speed_name">
     <text>Barrel re-cutting</text>
</string>
<string id="gunsl_hpsa_up_barrel_speed_descr">
     <text>Changing the rifling pitch in the barrel can improve muzzle velocity for a flatter bullet trajectory.</text>
</string>
<string id="gunsl_hpsa_up_body_name">
     <text>Protective coating</text>
</string>
<string id="gunsl_hpsa_up_body_descr">
     <text>The application of a special coating to the moving components can significantly reduce the amount of wear they receive.</text>
</string>
<string id="gunsl_hpsa_up_polymer_buffer_name">
     <text>Polymer buffer</text>
</string>
<string id="gunsl_hpsa_up_polymer_buffer_descr">
     <text>Adding a polymer buffer to the return mechanism absorbs some of the recoil energy generated by firing.</text>
</string>
<string id="gunsl_hpsa_up_zapiratel_name">
     <text>Improved barrel locking mechanism</text>
</string>
<string id="gunsl_hpsa_up_zapiratel_descr">
     <text>Provides a tighter seal in the chamber and increases bullet obturation with the bore, improving muzzle velocity.</text>
</string>
<string id="gunsl_hpsa_up_usm_recoil_name">
     <text>Soft trigger release</text>
</string>
<string id="gunsl_hpsa_up_usm_recoil_descr">
     <text>Reduces recoil, which in turn leads to more accurate follow-up shots.</text>
</string>
<string id="gunsl_hpsa_up_mag_prujina_name">
     <text>Replace the magazine spring</text>
</string>
<string id="gunsl_hpsa_up_mag_prujina_descr">
     <text>Replacing the standard magazine spring with one that exerts a similar amount of force, but compresses to a lower height, allows the magazine to hold a slightly larger number of cartridges.</text>
</string>
<string id="gunsl_hpsa_up_patronnik_name">
     <text>Chamber alignment</text>
</string>
<string id="gunsl_hpsa_up_patronnik_descr">
     <text>Careful fitment of parts and minimization of backlash in the chamber for a better seal, improving accuracy.</text>
</string>
<string id="gunsl_hpsa_up_plastic_handle_name">
     <text>Polymer grip</text>
</string>
<string id="gunsl_hpsa_up_plastic_handle_descr">
     <text>Replacing the original wooden grip panels with modern polymer alternatives makes the weapon slightly lighter and easier to handle.</text>
</string>
<string id="gunsl_hpsa_up_shell_ejector_name">
     <text>Install a hardened extractor</text>
</string>
<string id="gunsl_hpsa_up_shell_ejector_descr">
     <text>Improves overall reliability of the weapon by reducing the number of common ejection issues that can occur after firing.</text>
</string>
<string id="gunsl_hpsa_up_sights_name">
     <text>Tritium inserts</text>
</string>
<string id="gunsl_hpsa_up_sights_descr">
     <text>Installation of luminous night-sights allows for easier target acquisition in low-light conditions.</text>
</string>
<string id="gunsl_hpsa_up_usm_rpm_name">
     <text>Reinforced trigger assembly</text>
</string>
<string id="gunsl_hpsa_up_usm_rpm_descr">
     <text>A refined trigger assembly allows for a faster rate of fire at the expense of some overall reliability.</text>
</string>
<string id="gunsl_hpsa_up_light_details_name">
     <text>Lightweight alloy components</text>
</string>
<string id="gunsl_hpsa_up_light_details_descr">
     <text>Replacing standard parts with lightweight alloys significantly reduces the weight of the gun.</text>
</string>
<string id="gunsl_hpsa_up_zatvor_balancer_name">
     <text>Balance the bolt group</text>
</string>
<string id="gunsl_hpsa_up_zatvor_balancer_descr">
     <text>Balancing of the bolt group components reduces the barrel's departure from line of sight when firing, and also reduces perceived recoil by the shooter.</text>
</string>
<string id="gunsl_hpsa_up_titan_details_name">
     <text>Heavy-duty components</text>
</string>
<string id="gunsl_hpsa_up_titan_details_descr">
     <text>Replacing standard parts with analogs made of high-strength alloys increases the weapon's durability.</text>
</string>
</string_table>
