<?xml version="1.0" encoding="windows-1251" ?>
<string_table>
<string id="gunsl_wpn_l85_up_mag40_name">
     <text>High-capacity magazine (40 rounds)</text>
</string>
<string id="gunsl_wpn_l85_up_mag40_descr">
     <text>Replace the standard magazine with a larger PMAG 40 AR, reducing the number of reloads needed during sustained fire.</text>
</string>
<string id="gunsl_wpn_l85_up_mag60_name">
     <text>High-capacity magazine (60 rounds)</text>
</string>
<string id="gunsl_wpn_l85_up_mag60_descr">
     <text>Replace the standard magazine with a much larger SureFire MAG5-60, significantly reducing the number of reloads needed to engage with tougher opponents.</text>
</string>
<string id="gunsl_wpn_l85_up_tac_handle_name">
     <text>Tactical handle</text>
</string>
<string id="gunsl_wpn_l85_up_tac_handle_descr">
     <text>Installation of a tactical handle under the barrel makes the gun easier to handle and allows the shooter to compensate for recoil more effectively. Installation also includes a replacement forend with Picatinny rails, allowing for additional tactical accessories to be mounted.</text>
</string>
<string id="gunsl_wpn_l85_up_flashlaser_name">
     <text>Combined tactical module</text>
</string>
<string id="gunsl_wpn_l85_up_flashlaser_descr">
     <text>The Insight AN/PEQ-16a tactical unit combines the functions of a narrow-field flashlight and laser sight. Particularly useful in low-light conditions.</text>
</string>
<string id="gunsl_wpn_l85_up_sights_name">
     <text>Tritium inserts</text>
</string>
<string id="gunsl_wpn_l85_up_sights_descr">
     <text>Installation of luminous night-sights allows for easier target acquisition in low-light conditions.</text>
</string>
<string id="gunsl_wpn_l85_up_grip_name">
     <text>Ergonomic grip</text>
</string>
<string id="gunsl_wpn_l85_up_grip_descr">
     <text>Installation of a more comfortable grip.</text>
</string>
<string id="gunsl_wpn_l85_up_bayonet_name">
     <text>Bayonet attachment</text>
</string>
<string id="gunsl_wpn_l85_up_bayonet_descr">
     <text>Mounting a standard L3A1 bayonet allows the rifle to be used as an effective melee weapon. Due to its location on the weapon, it cannot be used simultaneously with an underbarrel grenade launcher or suppressor.</text>
</string>
<string id="gunsl_wpn_l85_up_usm_accuracy_name">
     <text>Calibrate the trigger group</text>
</string>
<string id="gunsl_wpn_l85_up_usm_accuracy_descr">
     <text>Precision adjustment and balancing of the trigger components allows for higher accuracy and reduced recoil.</text>
</string>
<string id="gunsl_wpn_l85_up_usm_rpm_name">
     <text>Reinforced trigger assembly</text>
</string>
<string id="gunsl_wpn_l85_up_usm_rpm_descr">
     <text>A refined trigger assembly allows for a faster rate of fire at the expense of some overall reliability.</text>
</string>
<string id="gunsl_wpn_l85_up_mag_fixator_name">
     <text>Revision of the feeding mechanism</text>
</string>
<string id="gunsl_wpn_l85_up_mag_fixator_descr">
     <text>The ammunition feeding assembly has been redesigned to reduce the number of jams from cartridge misfeeding or alignment issues.</text>
</string>
<string id="gunsl_wpn_l85_up_barrel_kompensator_name">
     <text>Improved muzzle brake</text>
</string>
<string id="gunsl_wpn_l85_up_barrel_kompensator_descr">
     <text>Installation of a more efficient muzzle brake significantly reduces overall recoil.</text>
</string>
<string id="gunsl_wpn_l85_up_barrel_accuracy_name">
     <text>Barrel alignment</text>
</string>
<string id="gunsl_wpn_l85_up_barrel_accuracy_descr">
     <text>Calibrate barrel alignment with the sights and remove any excessive movement that occurs during the firing cycle.</text>
</string>
<string id="gunsl_wpn_l85_up_barrel_bullet_speed_name">
     <text>Change the barrel's twist rate</text>
</string>
<string id="gunsl_wpn_l85_up_barrel_bullet_speed_descr">
     <text>Increases muzzle velocity for a flatter trajectory and faster time-to-impact. Useful for long range shots.</text>
</string>
<string id="gunsl_wpn_l85_up_priklad_name">
     <text>Improved buttstock</text>
</string>
<string id="gunsl_wpn_l85_up_priklad_descr">
     <text>Installation of an anatomical rubberized buttstock reduces the recoil felt by the shooter.</text>
</string>
<string id="gunsl_wpn_l85_up_zatvor_balancer_name">
     <text>Balance the bolt group</text>
</string>
<string id="gunsl_wpn_l85_up_zatvor_balancer_descr">
     <text>Balancing of the bolt group components reduces the barrel's departure from line of sight when firing, and also reduces the probability of hang-fires.</text>
</string>
<string id="gunsl_wpn_l85_up_body_reliability_name">
     <text>Heavy-duty components</text>
</string>
<string id="gunsl_wpn_l85_up_body_reliability_descr">
     <text>Replacing standard parts with analogs made of high-strength alloys increases the weapon's durability.</text>
</string>
<string id="gunsl_wpn_l85_up_body_weight_name">
     <text>Lightweight alloy components</text>
</string>
<string id="gunsl_wpn_l85_up_body_weight_descr">
     <text>Replacing standard parts with lightweight alloys significantly reduces the weight of the gun.</text>
</string>
<string id="gunsl_wpn_l85_up_firemode_name">
     <text>Revise the firing mode selector</text>
</string>
<string id="gunsl_wpn_l85_up_firemode_descr">
     <text>Reduces the frequency of certain weapon malfunctions arising from a known design flaw in the firing mode selector switch.</text>
</string>
</string_table>
