<?xml version="1.0" encoding="windows-1251" ?>
<string_table>
<string id="gunsl_protecta_up_rail_name">
     <text>Rail mount</text>
</string>
<string id="gunsl_protecta_up_rail_descr">
     <text>Allows for the installation of various sights on the weapon.</text>
</string>
<string id="gunsl_protecta_up_barrel_voronenie_name">
     <text>Barrel bluing</text>
</string>
<string id="gunsl_protecta_up_barrel_voronenie_descr">
     <text>Bluing the barrel results in higher resistance against the elements and other environmental hazards, increasing reliability.</text>
</string>
<string id="gunsl_protecta_up_barrel_silencer_name">
     <text>Threaded suppressor mount</text>
</string>
<string id="gunsl_protecta_up_barrel_silencer_descr">
     <text>Threading the end of the barrel allows a suppressor to be mounted.</text>
</string>
<string id="gunsl_protecta_up_ejector_name">
     <text>Improved ejector</text>
</string>
<string id="gunsl_protecta_up_ejector_descr">
     <text>Modification of the case ejector to make it slightly more efficient and reduce firing delays.</text>
</string>
<string id="gunsl_protecta_up_barrel_narezka_name">
     <text>Rifled barrel</text>
</string>
<string id="gunsl_protecta_up_barrel_narezka_descr">
     <text>Rifling the barrel significantly improves accuracy and muzzle velocity, but prevents any further use of buckshot ammunition.</text>
</string>
<string id="gunsl_protecta_up_light_details_name">
     <text>Lightweight alloy components</text>
</string>
<string id="gunsl_protecta_up_light_details_descr">
     <text>Replacing standard parts with lightweight alloys significantly reduces the weight of the gun.</text>
</string>
<string id="gunsl_protecta_up_laser_name">
     <text>Combined tactical module</text>
</string>
<string id="gunsl_protecta_up_laser_descr">
     <text>Combines the functions of a narrow-field tactical flashlight and laser sight. Particularly useful in low-light conditions.</text>
</string>
<string id="gunsl_protecta_up_plastic_mag_name">
     <text>Polymer drum</text>
</string>
<string id="gunsl_protecta_up_plastic_mag_descr">
     <text>Replacing the drum with a lightweight polymer alternative reduces the overall weight of the gun slightly.</text>
</string>
<string id="gunsl_protecta_up_sights_name">
     <text>Tritium inserts</text>
</string>
<string id="gunsl_protecta_up_sights_descr">
     <text>Installation of luminous night-sights allows for easier target acquisition in low-light conditions.</text>
</string>
<string id="gunsl_protecta_up_body_reliability_name">
     <text>Protective coating</text>
</string>
<string id="gunsl_protecta_up_body_reliability_descr">
     <text>The application of a special coating to the moving components can significantly reduce the amount of wear they receive.</text>
</string>
<string id="gunsl_protecta_up_stock_name">
     <text>Folding buttstock</text>
</string>
<string id="gunsl_protecta_up_stock_descr">
     <text>Installing a folding buttstock reduces the recoil felt when firing and makes the gun easier to control.</text>
</string>
<string id="gunsl_protecta_up_usm_recoil_name">
     <text>Recoil compensator</text>
</string>
<string id="gunsl_protecta_up_usm_recoil_descr">
     <text>Adding a special polymer damper to the internal assembly slightly reduces the recoil generated by each firing cycle.</text>
</string>
<string id="gunsl_protecta_up_usm_rpm_name">
     <text>Lighter trigger</text>
</string>
<string id="gunsl_protecta_up_usm_rpm_descr">
     <text>A lighter trigger pull results in faster and easier follow-up shots.</text>
</string>
</string_table>
