<?xml version="1.0" encoding="windows-1251" ?>
<string_table>
	<string id="gunsl_up_prop_laser">
		<text>Laser sight</text>
	</string>
	<string id="gunsl_up_prop_lightingsights">
		<text>Tritium inserts</text>
	</string>
	<string id="gunsl_up_prop_torch">
		<text>Tactical flashlight</text>
	</string>
	
	<string id="gunsl_up_prop_rail">
		<text>Mount a tactical rail</text>
	</string>	
	<string id="gunsl_up_prop_short_stock">
		<text>Shortened stock</text>
	</string>
	
	<string id="gunsl_up_prop_short_barrel">
		<text>Shortened barrel</text>
	</string>	
	
	<string id="gunsl_up_prop_tactical_handle">
		<text>Tactical handle</text>
	</string>
	<string id="gunsl_up_prop_headlamp">
		<text>Headlamp</text>
	</string>	

	<string id="gunsl_up_prop_bayonet">
		<text>Bayonet</text>
	</string>	
	<string id="gunsl_up_prop_no_silencer">
		<text>Silencer restriction</text>
	</string>	
	<string id="gunsl_up_prop_destruction">
		<text>Killing power</text>
	</string>		
	<string id="gunsl_up_prop_new_ammo">
		<text>New cartridge</text>
	</string>		
	<string id="gunsl_up_prop_computer">
		<text>Onboard computer</text>
	</string>		
	<string id="gunsl_up_prop_autoshot">
		<text>Electronic safety</text>
	</string>		
	<string id="gunsl_up_prop_autoaim">
		<text>Self-timer</text>
	</string>	
	<string id="gunsl_up_prop_zoomspeed">
		<text>High-speed zoom</text>
	</string>
	<string id="gunsl_up_magneticshield">
		<text>Shielding</text>
	</string>				
	
</string_table>