<?xml version="1.0" encoding="windows-1251" ?>
<string_table>
<string id="gunsl_saiga12_up_barrel_narezka_name">
     <text>Rifled barrel</text>
</string>
<string id="gunsl_saiga12_up_barrel_narezka_descr">
     <text>Rifling the barrel significantly improves accuracy and muzzle velocity, but prevents any further use of buckshot ammunition.</text>
</string>
<string id="gunsl_saiga12_up_barrel_dtk_name">
     <text>Installation of a muzzle brake</text>
</string>
<string id="gunsl_saiga12_up_barrel_dtk_descr">
     <text>Installation of a muzzle brake mitigates some of the effects of recoil.</text>
</string>
<string id="gunsl_saiga12_up_sights_name">
     <text>Tritium inserts</text>
</string>
<string id="gunsl_saiga12_up_sights_descr">
     <text>Installation of luminous night-sights allows for easier target acquisition in low-light conditions.</text>
</string>
<string id="gunsl_saiga12_up_handle_name">
     <text>Ergonomic grip</text>
</string>
<string id="gunsl_saiga12_up_handle_descr">
     <text>Installation of a more comfortable grip.</text>
</string>
<string id="gunsl_saiga12_up_titan_details_name">
     <text>Heavy-duty components</text>
</string>
<string id="gunsl_saiga12_up_titan_details_descr">
     <text>Replacing standard parts with analogs made of high-strength alloys increases the weapon's durability.</text>
</string>
<string id="gunsl_saiga12_up_lightdetails_name">
     <text>Lightweight alloy components</text>
</string>
<string id="gunsl_saiga12_up_lightdetails_descr">
     <text>Replacing standard parts with lightweight alloys significantly reduces the weight of the gun.</text>
</string>
<string id="gunsl_saiga12_up_light_stock_name">
     <text>Lightweight stock</text>
</string>
<string id="gunsl_saiga12_up_light_stock_descr">
     <text>Replacing the stock with a lightweight alternative reduces the overall weight of the weapon.</text>
</string>
<string id="gunsl_saiga12_up_stock_nakladka_name">
     <text>Rubberized buttplate</text>
</string>
<string id="gunsl_saiga12_up_stock_nakladka_descr">
     <text>Installation of a rubberized buttplate on the stock absorbs much of the recoil felt by the shooter.</text>
</string>
<string id="gunsl_saiga12_up_mag10_name">
     <text>High-capacity magazine (10 rounds)</text>
</string>
<string id="gunsl_saiga12_up_mag10_descr">
     <text>Higher-capacity magazines means fewer reloads during combat and improves the odds of survival.</text>
</string>
<string id="gunsl_saiga12_up_mag_fix_name">
     <text>Revision of the feeding mechanism</text>
</string>
<string id="gunsl_saiga12_up_mag_fix_descr">
     <text>The ammunition feeding assembly has been redesigned to reduce the number of jams from cartridge misfeeding or alignment issues.</text>
</string>
<string id="gunsl_saiga12_up_patronnik_name">
     <text>Chamber alignment</text>
</string>
<string id="gunsl_saiga12_up_patronnik_descr">
     <text>Careful fitting of parts to ensure a tighter seal on the chamber when fired, preventing the unwanted escape of propellant gasses and significantly increasing muzzle velocity.</text>
</string>
<string id="gunsl_saiga12_up_usm_rpm_name">
     <text>Reinforced trigger assembly</text>
</string>
<string id="gunsl_saiga12_up_usm_rpm_descr">
     <text>A refined trigger assembly allows for a faster rate of fire at the expense of some overall reliability.</text>
</string>
<string id="gunsl_saiga12_up_light_foregrip_name">
     <text>Lightweight forend</text>
</string>
<string id="gunsl_saiga12_up_light_foregrip_descr">
     <text>Replacing the forend with a lightweight alternative reduces the overall weight of the weapon.</text>
</string>
<string id="gunsl_saiga12_up_usm_recoil_name">
     <text>Soft-recoil system</text>
</string>
<string id="gunsl_saiga12_up_usm_recoil_descr">
     <text>Reduces recoil, which in turn leads to more accurate follow-up shots.</text>
</string>
<string id="gunsl_saiga12_up_accurate_details_name">
     <text>Lapped component surfaces</text>
</string>
<string id="gunsl_saiga12_up_accurate_details_descr">
     <text>Careful fitment and lapping of the moving surfaces minimizes motion outside of normal operating parameters, which has a positive effect on accuracy.</text>
</string>
</string_table>
