<?xml version="1.0" encoding="windows-1251" ?>
<string_table>
<string id="gunsl_wincheaster1300_up_barrel_short_name">
     <text>Shortened barrel</text>
</string>
<string id="gunsl_wincheaster1300_up_barrel_short_descr">
     <text>A shorter barrel leaves the gun lighter and more compact, at the cost of lower accuracy and wider shot dispersion. It also prohibits the use of a suppressor.</text>
</string>
<string id="gunsl_wincheaster1300_up_barrel_voronenie_name">
     <text>Barrel bluing</text>
</string>
<string id="gunsl_wincheaster1300_up_barrel_voronenie_descr">
     <text>Bluing the barrel results in higher resistance against the elements and other environmental hazards, increasing reliability.</text>
</string>
<string id="gunsl_wincheaster1300_up_barrel_speed_name">
     <text>Revision of the barrel bore</text>
</string>
<string id="gunsl_wincheaster1300_up_barrel_speed_descr">
     <text>Increases muzzle velocity for a faster time-to-target and reduces trajectory deviation. Useful for engagements at longer ranges.</text>
</string>
<string id="gunsl_wincheaster1300_up_body_reliability_name">
     <text>Protective coating</text>
</string>
<string id="gunsl_wincheaster1300_up_body_reliability_descr">
     <text>The application of a special coating to the moving components can significantly reduce the amount of wear they receive.</text>
</string>
<string id="gunsl_wincheaster1300_up_usm_reliability_details_name">
     <text>Wear-resistant trigger components</text>
</string>
<string id="gunsl_wincheaster1300_up_usm_reliability_details_descr">
     <text>Replacing the various parts of the trigger assembly with equivalents made from more durable materials improves the overall longevity of the weapon.</text>
</string>
<string id="gunsl_wincheaster1300_up_tactical_handle_name">
     <text>Tactical grip</text>
</string>
<string id="gunsl_wincheaster1300_up_tactical_handle_descr">
     <text>Installation of an underbarrel grip makes the gun easier to handle and control, allowing for better recoil compensation.</text>
</string>
<string id="gunsl_wincheaster1300_up_usm_accuracy_name">
     <text>Calibrate the trigger group</text>
</string>
<string id="gunsl_wincheaster1300_up_usm_accuracy_descr">
     <text>Precision adjustment of the trigger components improves overall accuracy.</text>
</string>
<string id="gunsl_wincheaster1300_up_flashlaser_name">
     <text>Combined tactical module</text>
</string>
<string id="gunsl_wincheaster1300_up_flashlaser_descr">
     <text>Combines the functions of a narrow-field tactical flashlight and laser sight. Particularly useful in low-light conditions.</text>
</string>
<string id="gunsl_wincheaster1300_up_mag_name">
     <text>Expanded magazine tube</text>
</string>
<string id="gunsl_wincheaster1300_up_mag_descr">
     <text>Replacing the standard magazine tube with a higher-capacity variant means fewer reloads during combat and improves the odds of survival.</text>
</string>
<string id="gunsl_wincheaster1300_up_rail_name">
     <text>Mount a tactical rail</text>
</string>
<string id="gunsl_wincheaster1300_up_rail_descr">
     <text>Allows for the installation of various optics on the weapon.</text>
</string>
<string id="gunsl_wincheaster1300_up_pompa_kompensator_name">
     <text>Recoil compensator</text>
</string>
<string id="gunsl_wincheaster1300_up_pompa_kompensator_descr">
     <text>Adding a special polymer damper to the internal assembly slightly reduces the recoil generated by each firing cycle.</text>
</string>
<string id="gunsl_wincheaster1300_up_usm_recoil_name">
     <text>Balance the trigger group</text>
</string>
<string id="gunsl_wincheaster1300_up_usm_recoil_descr">
     <text>Balancing the various trigger assembly components has an improved effect on recoil.</text>
</string>
<string id="gunsl_wincheaster1300_up_shell_ejector_name">
     <text>Install a hardened extractor</text>
</string>
<string id="gunsl_wincheaster1300_up_shell_ejector_descr">
     <text>Improves overall reliability of the weapon by reducing the number of common ejection issues that can occur after firing.</text>
</string>
<string id="gunsl_wincheaster1300_up_sights_name">
     <text>Tritium inserts</text>
</string>
<string id="gunsl_wincheaster1300_up_sights_descr">
     <text>Installation of luminous night-sights allows for easier target acquisition in low-light conditions.</text>
</string>
<string id="gunsl_wincheaster1300_up_stock_name">
     <text>Tactical buttstock</text>
</string>
<string id="gunsl_wincheaster1300_up_stock_descr">
     <text>Significantly improves the shooter's ability to handle and aim the weapon, resulting in better accuracy.</text>
</string>
<string id="gunsl_wincheaster1300_up_soft_trigger_name">
     <text>Soft trigger release</text>
</string>
<string id="gunsl_wincheaster1300_up_soft_trigger_descr">
     <text>Reduces recoil, which in turn leads to more accurate follow-up shots.</text>
</string>
<string id="gunsl_wincheaster1300_up_usm_light_details_name">
     <text>Lightweight alloy components</text>
</string>
<string id="gunsl_wincheaster1300_up_usm_light_details_descr">
     <text>Replacing standard parts with lightweight alloys significantly reduces the weight of the gun.</text>
</string>
<string id="gunsl_wincheaster1300_up_patronnik_accuracy_name">
     <text>Chamber alignment</text>
</string>
<string id="gunsl_wincheaster1300_up_patronnik_accuracy_descr">
     <text>Careful fitment of parts and minimization of backlash in the chamber for a better seal, improving accuracy.</text>
</string>
<string id="gunsl_wincheaster1300_up_silencer_name">
     <text>Threaded suppressor mount</text>
</string>
<string id="gunsl_wincheaster1300_up_silencer_descr">
     <text>Threading the end of the barrel allows a suppressor to be mounted.</text>
</string>
<string id="gunsl_wincheaster1300_up_barrel_dispersion_name">
     <text>Barrel alignment</text>
</string>
<string id="gunsl_wincheaster1300_up_barrel_dispersion_descr">
     <text>Calibrate barrel alignment with the sights and remove any excessive movement that occurs during the firing cycle, resulting in improved accuracy.</text>
</string>
</string_table>
